Month,Mid.Rate,T2M,T2M_MAX,T2M_MIN,PRECTOTCORR,ALLSKY_SFC_SW_DWN,Cocoa_Trend,logprice,Price_NY,log_return_rate,Is_Holiday,YEAR,MONTH_NUM
2007-07-01,0.9271304347826086,24.20130434782609,28.001304347826085,21.233478260869564,6.108260869565218,14.60304347826087,22.0,7.637529538537534,2075.478260869565,-0.07681398278126994,0,2007,7
2007-08-01,0.9295322580645161,23.88806451612903,27.884193548387096,20.709032258064518,4.120322580645161,14.388709677419355,19.0,7.521833670276503,1848.688387096774,-0.05540852653265708,0,2007,8
2007-09-01,0.9478166666666666,24.641333333333332,28.279,21.658666666666665,6.904333333333333,15.345333333333334,19.0,7.546736739969009,1895.7053333333336,0.08041660996587395,0,2007,9
2007-10-01,0.9416322580645161,24.535806451612903,28.07935483870968,21.614838709677418,3.926774193548387,17.090967741935486,20.0,7.536643058225257,1875.9664516129033,-0.024763372283059387,1,2007,10
2007-11-01,0.9523533333333333,25.208000000000002,29.45133333333333,21.593666666666664,2.1839999999999997,18.057000000000002,16.0,7.5750010858415076,1948.9673333333335,0.005379840387456608,1,2007,11
2007-12-01,0.9591967741935483,25.24741935483871,31.118709677419357,20.481290322580644,0.8290322580645161,16.531935483870967,19.0,7.637283496029756,2074.3654838709676,0.02515524895020395,1,2007,12
2008-01-01,0.9677516129032258,24.389032258064514,33.10645161290322,17.733870967741936,1.7103225806451612,19.35225806451613,22.0,7.685716016703189,2177.870322580645,0.14193442129105954,0,2008,1
2008-02-01,0.9715344827586206,27.22241379310345,34.458275862068966,21.669310344827586,0.3586206896551724,17.59,27.0,7.820485283214945,2494.154827586207,0.17472498647029755,0,2008,2
2008-03-01,0.9737064516129031,27.386129032258065,33.188709677419354,22.96483870967742,2.9480645161290324,18.855483870967742,25.0,7.864964077386674,2613.6451612903224,-0.17771027973192066,1,2008,3
2008-04-01,0.97878,27.459333333333333,33.30533333333333,23.098333333333336,2.6626666666666665,18.547,23.0,7.843865788949981,2556.3786666666665,0.1673955497241391,0,2008,4
2008-05-01,0.9906064516129033,26.33677419354839,31.160967741935483,22.63290322580645,3.7764516129032257,18.669677419354837,18.0,7.879002212408519,2641.8812903225808,0.05751115951837078,0,2008,5
2008-06-01,1.0105166666666667,25.109666666666666,29.00133333333333,22.031,7.184,16.832666666666668,24.0,7.998028316986424,2977.8336666666664,0.13821076901429138,0,2008,6
2008-07-01,1.037816129032258,24.325483870967744,28.20451612903226,21.27258064516129,4.116451612903226,14.755161290322581,21.0,7.972249617138467,2901.6774193548385,-0.12384916325482055,0,2008,7
2008-08-01,1.0801677419354838,24.141612903225806,28.25,20.87258064516129,4.408709677419355,15.083870967741936,22.0,7.930199737659324,2782.762580645161,-0.04644115314737139,0,2008,8
2008-09-01,1.1118866666666667,24.743666666666666,28.578333333333333,21.597666666666665,5.608333333333333,15.098,19.0,7.8815196143386155,2648.9943333333335,-0.08397469223244336,0,2008,9
2008-10-01,1.1373516129032257,25.217741935483872,29.23516129032258,21.83516129032258,4.02258064516129,17.412258064516127,22.0,7.701775144153208,2219.3222580645165,-0.19612878620213262,1,2008,10
2008-11-01,1.1648033333333332,25.83533333333333,30.764000000000003,21.524333333333335,2.7456666666666667,17.843666666666667,19.0,7.62372402886974,2048.822333333333,0.088069759862717,1,2008,11
2008-12-01,1.1950387096774193,26.364193548387096,32.685483870967744,21.406774193548387,1.0938709677419356,17.234516129032258,23.0,7.799939828378137,2447.2474193548387,0.20840616921463193,1,2008,12
2009-01-01,1.2384870967741934,26.793225806451613,33.77161290322581,21.166129032258063,0.2787096774193549,17.984193548387097,21.0,7.856247354261786,2584.3648387096773,0.049422940087467844,0,2009,1
2009-02-01,1.3070107142857144,27.419285714285714,33.01357142857143,22.927500000000002,1.7764285714285715,17.32035714285714,20.0,7.86662257465145,2613.8282142857142,-0.14548880744319423,0,2009,2
2009-03-01,1.352516129032258,27.596451612903227,33.07258064516129,23.50548387096774,3.95,18.311290322580643,20.0,7.7972454715839925,2437.9454838709676,0.08181571258205196,0,2009,3
2009-04-01,1.38315,26.28033333333333,30.429333333333332,22.94633333333333,5.147666666666667,19.396666666666665,20.0,7.8281908347861275,2513.177,-0.08767123351566439,1,2009,4
2009-05-01,1.4098290322580647,25.726451612903226,29.434193548387096,22.706774193548387,5.430322580645162,19.274516129032257,19.0,7.79639007221754,2433.4938709677417,0.10846214563446763,0,2009,5
2009-06-01,1.4428766666666666,24.94333333333333,28.570666666666668,22.043333333333333,8.811,16.098,17.0,7.881088734811473,2648.811666666667,-0.04780460442431945,0,2009,6
2009-07-01,1.4593870967741935,24.11774193548387,27.87258064516129,21.15774193548387,7.711935483870968,14.265806451612903,17.0,7.910200219847144,2729.4509677419355,0.14180175166373638,0,2009,7
2009-08-01,1.4706129032258064,24.037096774193547,27.85741935483871,21.08290322580645,1.4748387096774194,12.66709677419355,19.0,7.968850738394659,2890.3348387096776,-0.03225451748357772,0,2009,8
2009-09-01,1.4605199999999998,24.863,28.860333333333333,21.504,2.756666666666667,13.652999999999999,19.0,8.026565372671858,3062.2826666666665,0.1081926701185133,0,2009,9
2009-10-01,1.454009677419355,25.254516129032258,29.57709677419355,21.718064516129033,5.413548387096774,15.884516129032258,23.0,8.088859225333554,3260.1293548387093,0.06792201648545844,1,2009,10
2009-11-01,1.44143,25.391000000000002,30.009666666666664,21.4,3.505333333333333,17.898000000000003,19.0,8.083598390208163,3241.6493333333333,-0.017366138487739734,1,2009,11
2009-12-01,1.435409677419355,26.81032258064516,33.243870967741934,21.578064516129032,0.5912903225806452,17.381612903225808,17.0,8.115456552258625,3346.4845161290323,-0.02060171833555968,1,2009,12
2010-01-01,1.4299000000000002,27.96483870967742,35.288387096774194,22.121612903225806,1.0641935483870968,17.581935483870968,18.0,8.11872921276815,3357.493548387097,-0.017635652844587252,0,2010,1
2010-02-01,1.429475,29.013214285714287,35.605714285714285,23.830714285714286,1.3078571428571428,19.363214285714285,20.0,8.03015013294444,3073.184642857143,-0.07844595319514913,0,2010,2
2010-03-01,1.427358064516129,28.09741935483871,33.638064516129035,23.975161290322582,2.612258064516129,17.338709677419356,17.0,7.969147796068226,2890.6987096774196,0.033941620110726274,1,2010,3
2010-04-01,1.4223066666666668,28.369333333333334,33.907666666666664,24.140666666666668,4.068333333333333,19.476333333333333,17.0,8.017154561492198,3035.2673333333337,0.07590508779463671,1,2010,4
2010-05-01,1.4204999999999999,26.916129032258063,31.27806451612903,23.594838709677422,4.739032258064516,17.864193548387096,18.0,8.005612437617842,3000.548387096774,-0.08768057561297322,0,2010,5
2010-06-01,1.4216866666666668,25.144333333333336,28.608,22.511333333333333,8.737333333333334,15.246,18.0,8.008971880798935,3008.510666666667,-0.018484925836272613,0,2010,6
2010-07-01,1.431309677419355,24.09967741935484,28.138709677419353,20.90774193548387,3.189032258064516,15.390322580645162,35.0,8.018169713644154,3036.3712903225805,0.014768998091060867,0,2010,7
2010-08-01,1.4338193548387097,24.609032258064516,28.789354838709677,21.373870967741937,3.5403225806451615,14.366129032258065,28.0,7.9762026452672465,2913.3222580645165,-0.10598332871203728,0,2010,8
2010-09-01,1.4332433333333334,24.715666666666667,28.579666666666665,21.714,5.071333333333333,15.169666666666666,25.0,7.92663835565993,2770.738,0.022480875387647356,0,2010,9
2010-10-01,1.4305709677419356,24.933225806451613,28.559032258064516,22.032258064516128,8.244516129032258,16.648387096774194,22.0,7.950217795915912,2836.6022580645163,0.007704009363962377,1,2010,10
2010-11-01,1.4333433333333334,25.208000000000002,29.270333333333333,21.787333333333333,3.728333333333333,16.575,24.0,7.947089902995151,2827.7166666666667,0.010909516008725952,1,2010,11
2010-12-01,1.444990322580645,25.26451612903226,30.098064516129032,21.04806451612903,1.1693548387096775,17.984193548387097,22.0,8.003030742330767,2990.83935483871,0.0909884585037307,1,2010,12
2011-01-01,1.4636064516129033,25.20225806451613,31.581612903225807,19.90290322580645,0.44225806451612903,17.307096774193546,29.0,8.034358300741093,3089.1503225806455,0.08979911488117748,0,2011,1
2011-02-01,1.5104321428571428,26.895,33.01464285714285,22.206071428571427,3.37,18.332857142857144,31.0,8.133398857247622,3408.1603571428573,0.09259734661236148,0,2011,2
2011-03-01,1.5140387096774195,26.383225806451613,30.907096774193548,22.909032258064514,4.088709677419355,19.78483870967742,31.0,8.108311396076703,3327.72064516129,-0.18422808157807613,0,2011,3
2011-04-01,1.5179533333333335,26.029999999999998,30.095000000000002,22.753,6.071666666666667,19.37,30.0,8.038301987867415,3098.6896666666667,0.09665779924170328,1,2011,4
2011-05-01,1.5070483870967741,25.76225806451613,29.388709677419353,22.813548387096777,4.091612903225807,17.399032258064516,23.0,8.021607518848546,3047.9464516129033,-0.1028182677178821,0,2011,5
2011-06-01,1.5064199999999999,25.087,28.729,22.179,6.787999999999999,15.356,23.0,8.002271408757233,2988.4796666666666,0.0658470934804565,0,2011,6
2011-07-01,1.508006451612903,24.07903225806452,27.74516129032258,21.11032258064516,9.046774193548387,14.121612903225806,23.0,8.05167883476664,3139.8825806451614,-0.054045082966363525,0,2011,7
2011-08-01,1.5102,24.065483870967743,28.094516129032257,20.798387096774192,2.336129032258065,13.740645161290322,23.0,8.011527851400368,3016.527419354839,0.049826517617113375,0,2011,8
2011-09-01,1.52225,24.764,28.601,21.60666666666667,6.614333333333334,14.593666666666667,20.0,7.954248417022651,2851.3563333333336,-0.1611739893121112,0,2011,9
2011-10-01,1.5473,24.904838709677417,28.656451612903226,21.89290322580645,6.356451612903226,17.071290322580648,21.0,7.889029722729285,2668.3967741935485,0.027380660461807222,1,2011,10
2011-11-01,1.5605366666666667,25.240000000000002,29.900333333333332,21.238666666666667,1.8760000000000001,17.804333333333332,23.0,7.833213914844775,2526.1553333333336,-0.11948581811529785,1,2011,11
2011-12-01,1.5802548387096775,24.88967741935484,31.12258064516129,19.541612903225804,0.3732258064516129,17.712903225806453,23.0,7.688146037090209,2183.2148387096777,-0.07746302252845146,1,2011,12
2012-01-01,1.6097483870967741,25.969677419354838,33.842580645161284,19.770967741935483,0.5180645161290323,18.10967741935484,23.0,7.726060006032222,2270.2361290322583,0.08713045501251121,0,2012,1
2012-02-01,1.6704620689655172,26.930689655172415,33.37724137931035,21.88413793103448,2.836206896551724,16.583793103448276,24.0,7.7514192004185745,2326.344482758621,0.043650024419814935,0,2012,2
2012-03-01,1.698135483870968,27.251290322580644,33.0141935483871,22.771290322580644,2.2112903225806453,18.484193548387097,21.0,7.753177679594929,2329.6664516129035,-0.06933968535165141,0,2012,3
2012-04-01,1.7540433333333332,27.087666666666667,32.483,23.056333333333335,2.7456666666666667,17.966666666666665,21.0,7.699915508085383,2209.401,0.0019453379812591162,1,2012,4
2012-05-01,1.8292193548387095,26.13193548387097,30.67806451612903,22.681612903225805,7.260967741935484,18.210967741935484,20.0,7.715251231832104,2244.1774193548385,-0.10755762178262086,0,2012,5
2012-06-01,1.8841533333333333,24.478333333333335,27.708666666666666,21.848666666666666,9.787333333333333,14.923333333333334,19.0,7.691590391264516,2190.8656666666666,0.10317810679108322,0,2012,6
2012-07-01,1.9138387096774194,23.739032258064515,27.62548387096774,20.620645161290323,3.669032258064516,14.067741935483872,20.0,7.73240456206033,2281.667419354839,0.03620759849631748,0,2012,7
2012-08-01,1.9264999999999999,23.831290322580646,28.12483870967742,20.351935483870967,1.4306451612903226,13.672580645161291,21.0,7.803714987222967,2450.483548387097,0.0812326008465378,0,2012,8
2012-09-01,1.9091866666666666,24.973000000000003,29.397333333333332,21.384333333333334,4.914333333333333,14.522,21.0,7.857314635852841,2585.4553333333333,-0.03733506790485307,0,2012,9
2012-10-01,1.8924451612903226,24.970322580645163,28.854193548387098,21.860967741935486,11.128387096774194,16.473870967741934,21.0,7.791113295811147,2419.376451612903,-0.024746898346428826,1,2012,10
2012-11-01,1.8781700000000001,25.440333333333335,29.555,21.888333333333332,2.896666666666667,17.609333333333332,22.0,7.800797039610062,2443.0446666666667,0.03310579511869119,1,2012,11
2012-12-01,1.8841677419354839,25.080000000000002,29.913548387096775,20.645806451612902,0.8106451612903226,17.238064516129032,18.0,7.774274858917902,2380.011290322581,-0.11330890878804625,1,2012,12
2013-01-01,1.8961,25.813225806451616,32.95258064516129,19.869032258064518,0.6774193548387096,19.062903225806455,20.0,7.714872009653216,2241.769677419355,-0.015902822691959927,0,2013,1
2013-02-01,1.904425,27.351428571428574,33.559285714285714,22.465714285714284,2.879642857142857,18.368214285714284,21.0,7.6847948491413645,2175.3517857142856,-0.02942741078315938,0,2013,2
2013-03-01,1.9249258064516128,26.953548387096774,31.59741935483871,23.199032258064516,3.4296774193548383,19.318709677419356,20.0,7.666144466360519,2135.1932258064517,0.04238213539249096,1,2013,3
2013-04-01,1.94587,26.724333333333334,31.432000000000002,22.96466666666667,2.9103333333333334,20.178,17.0,7.7295332979632,2275.8779999999997,0.07740467718439628,1,2013,4
2013-05-01,1.9624322580645162,26.378064516129033,31.03258064516129,22.749354838709678,4.589677419354839,17.883548387096774,20.0,7.75010226981474,2322.7848387096774,-0.09539566166085298,0,2013,5
2013-06-01,1.9850266666666667,25.240666666666666,29.601,21.67866666666667,2.815,16.229666666666667,20.0,7.716873735932529,2247.2786666666666,-0.012184794263382695,0,2013,6
2013-07-01,1.9919193548387095,24.360645161290325,29.000967741935483,20.92838709677419,3.7441935483870967,14.064838709677419,21.0,7.730858774045159,2278.5590322580647,0.06574590193385713,0,2013,7
2013-08-01,1.9962483870967742,25.288709677419355,31.34903225806452,20.53806451612903,0.5870967741935483,14.317741935483872,19.0,7.8026680220072375,2448.0103225806456,0.05336233375539402,0,2013,8
2013-09-01,1.9977633333333331,26.081,31.719333333333335,21.839666666666666,4.835,14.620333333333333,18.0,7.8561433156012415,2582.2226666666666,0.07885328665371773,0,2013,9
2013-10-01,2.003593548387097,25.821290322580648,30.746451612903225,21.75483870967742,5.1896774193548385,16.536451612903225,22.0,7.9003717671879015,2698.7212903225804,0.015825499833797517,1,2013,10
2013-11-01,2.06008,25.907,30.793666666666663,21.853333333333335,3.1069999999999998,16.429666666666666,21.0,7.910475981614813,2726.4056666666665,0.047420887396518015,1,2013,11
2013-12-01,2.1115387096774194,26.25774193548387,33.1174193548387,20.615806451612904,0.44870967741935486,16.89548387096774,20.0,7.9314969646314815,2783.7200000000003,-0.026189695436283477,1,2013,12
2014-01-01,2.2805387096774195,28.056774193548385,34.80096774193548,22.47451612903226,0.529032258064516,17.131612903225808,20.0,7.91958883474069,2751.758387096774,0.06928889682691688,0,2014,1
2014-02-01,2.439085714285714,29.298214285714288,35.96071428571428,23.665,0.8582142857142857,17.59285714285714,24.0,7.985556298815501,2938.297857142857,0.01648307453146467,0,2014,2
2014-03-01,2.579945161290323,27.23483870967742,32.593870967741935,23.212903225806453,3.990322580645161,19.061935483870965,22.0,8.000061306701431,2981.2477419354836,0.0022536343886906725,0,2014,3
2014-04-01,2.7428133333333333,26.636000000000003,31.09733333333333,23.170333333333335,5.7683333333333335,20.523666666666667,20.0,8.00166957356065,2986.055,0.008304585600439928,1,2014,4
2014-05-01,2.857467741935484,26.018709677419356,29.595806451612905,22.95967741935484,4.244193548387097,17.504193548387097,21.0,7.99188462446926,2957.4945161290325,0.04459623465244876,0,2014,5
2014-06-01,2.9845566666666667,25.267,28.721666666666668,22.517666666666667,8.904666666666666,16.666666666666668,20.0,8.036946903713469,3093.2556666666665,0.02055941945848938,0,2014,6
2014-07-01,3.024583870967742,24.48709677419355,28.41741935483871,21.36741935483871,3.3925806451612903,14.551935483870968,21.0,8.043302063576741,3113.069677419355,0.020213420388848897,0,2014,7
2014-08-01,3.0595870967741936,24.130967741935482,28.424838709677417,20.753225806451614,3.1270967741935483,14.114193548387098,20.0,8.072078303415353,3203.8051612903223,0.008766493212182593,0,2014,8
2014-09-01,3.1908933333333334,24.379666666666665,28.244333333333334,21.346333333333334,6.425666666666667,14.563333333333333,20.0,8.057976646402123,3160.3830000000003,0.02624578011735008,0,2014,9
2014-10-01,3.196516129032258,25.078064516129032,29.17806451612903,21.67032258064516,5.324838709677419,16.69,32.0,8.022312044372617,3048.9035483870966,-0.08644416191816412,1,2014,10
2014-11-01,3.1968933333333336,25.267666666666667,29.508666666666667,21.556333333333335,2.809,17.50133333333333,26.0,7.955307271996058,2850.8340000000003,-0.013352105031789067,1,2014,11
2014-12-01,3.1975193548387093,25.81451612903226,32.02193548387097,20.578709677419354,0.9567741935483871,17.10516129032258,23.0,7.974705448681656,2906.763225806452,0.0019604696882875973,1,2014,12
2015-01-01,3.217658064516129,25.96225806451613,33.880967741935486,19.787096774193547,0.37774193548387097,17.666451612903224,24.0,7.960718319570431,2867.796774193548,-0.07282329219502197,0,2015,1
2015-02-01,3.3593321428571428,27.274642857142855,33.03142857142857,22.8675,2.9657142857142853,17.259642857142858,24.0,7.965183573046348,2880.75,0.1087837476282934,0,2015,2
2015-03-01,3.585406451612903,27.18516129032258,32.30193548387097,23.376129032258063,6.290645161290323,18.42548387096774,22.0,7.946621358656067,2827.623225806452,-0.10433545714529077,1,2015,3
2015-04-01,3.8077633333333334,26.083666666666666,30.025,22.921333333333333,5.374666666666667,19.233,22.0,7.941641815952642,2812.478666666667,0.06540316363786426,1,2015,4
2015-05-01,3.8982774193548386,25.822903225806453,29.524838709677418,22.803870967741933,4.116451612903226,19.307741935483868,20.0,8.01858149575708,3038.4829032258067,0.06995750752524488,0,2015,5
2015-06-01,4.198110000000001,24.909,28.608333333333334,21.999666666666666,10.073666666666666,15.120000000000001,21.0,8.067269536346224,3189.3663333333334,0.06630287166292917,0,2015,6
2015-07-01,3.512770967741935,24.563225806451616,28.483548387096775,21.390645161290323,3.3370967741935487,15.647419354838709,20.0,8.093010013548046,3271.9412903225802,-0.014822726173560624,0,2015,7
2015-08-01,3.8673709677419352,24.59193548387097,28.97,21.12258064516129,1.256451612903226,13.409032258064517,22.0,8.039581325702226,3101.6022580645163,-0.035571873083579085,0,2015,8
2015-09-01,3.7721533333333337,25.82133333333333,31.252666666666663,21.750333333333334,3.1536666666666666,13.816666666666666,22.0,8.079920293399399,3229.605666666667,-0.0033082736940201612,0,2015,9
2015-10-01,3.7662967741935485,25.712580645161292,29.71741935483871,22.49741935483871,9.54258064516129,16.649032258064516,21.0,8.048309707221877,3128.98,0.046841817729383485,1,2015,10
2015-11-01,3.7900966666666664,25.709,30.095666666666666,21.88266666666667,3.802,17.562333333333335,21.0,8.103342240777875,3305.8503333333333,0.022974231643709497,1,2015,11
2015-12-01,3.794609677419355,23.96709677419355,30.868709677419353,17.815806451612904,0.32612903225806456,16.858709677419355,21.0,8.09836029410945,3289.8161290322582,-0.03872212682342755,1,2015,12
2016-01-01,3.809622580645161,26.200322580645164,34.391935483870974,19.473870967741938,0.08967741935483872,17.195806451612906,25.0,7.980230456840655,2925.328064516129,-0.14955294913216333,0,2016,1
2016-02-01,3.874631034482759,28.621379310344828,36.49172413793104,22.08034482758621,0.6613793103448276,17.308275862068964,25.0,7.955203307921733,2850.706551724138,0.025128939567447585,0,2016,2
2016-03-01,3.8483451612903226,28.556451612903224,34.420967741935485,24.116774193548387,4.991290322580645,18.346129032258066,21.0,8.00965589975916,3010.3983870967745,0.007946926398944199,1,2016,3
2016-04-01,3.81773,27.647666666666666,32.40533333333333,23.982666666666667,3.0643333333333334,20.721666666666668,21.0,8.008665292853625,3009.3226666666665,0.10487610425222194,1,2016,4
2016-05-01,3.8145870967741935,26.575806451612905,31.103870967741937,23.166774193548385,6.451612903225806,17.37483870967742,22.0,8.01071036865161,3014.5374193548387,-0.06042824377661807,0,2016,5
2016-06-01,3.8848100000000003,24.869000000000003,28.461333333333336,22.023000000000003,5.806333333333333,15.483666666666666,24.0,8.022145918078257,3048.2343333333333,-0.023525198809321246,0,2016,6
2016-07-01,3.938003225806452,24.674838709677417,28.705161290322582,21.60258064516129,1.7774193548387098,15.031612903225808,24.0,7.997439891266093,2974.8822580645165,-0.04756065716514108,0,2016,7
2016-08-01,3.9448903225806453,25.44451612903226,30.68935483870968,21.499032258064517,3.232258064516129,14.238387096774193,22.0,8.00141475336544,2985.6667741935485,-0.008162578706365997,0,2016,8
2016-09-01,3.9570266666666667,24.928,28.817999999999998,21.820333333333334,9.163666666666668,14.599333333333334,23.0,7.945406305108236,2823.061666666667,-0.045265142098088684,0,2016,9
2016-10-01,3.9674387096774195,25.58225806451613,29.57967741935484,22.29516129032258,7.736129032258065,17.07193548387097,25.0,7.895703571337355,2686.0974193548386,-0.02860402114009128,1,2016,10
2016-11-01,3.9737500000000003,25.779,29.861333333333334,22.303,2.518,18.423333333333336,27.0,7.808462571863527,2462.5116666666668,-0.10693128924684756,1,2016,11
2016-12-01,4.101054838709677,25.70935483870968,30.60483870967742,21.63967741935484,0.783225806451613,16.81677419354839,29.0,7.723948746706015,2263.1183870967743,-0.11932813380039958,1,2016,12
2017-01-01,4.233706451612903,26.358387096774194,33.3941935483871,20.788387096774194,0.8516129032258064,17.83483870967742,29.0,7.684012599546369,2173.892258064516,-0.012457006674233956,0,2017,1
2017-02-01,4.372667857142857,27.613214285714285,33.8825,22.925,1.4039285714285714,17.34,35.0,7.606768358723618,2012.4153571428571,-0.09808857074123853,0,2017,2
2017-03-01,4.489554838709677,27.549677419354836,33.18806451612903,23.511612903225807,3.0496774193548384,19.989677419354837,31.0,7.618429886344413,2037.3009677419354,0.0835654073584445,0,2017,3
2017-04-01,4.20278,27.229333333333333,32.346,23.513666666666666,3.518333333333333,19.369333333333334,30.0,7.571017390183533,1943.3876666666665,-0.12658462045147717,1,2017,4
2017-05-01,4.238409677419355,26.398387096774194,30.622903225806454,23.160967741935483,7.239354838709677,19.05354838709677,30.0,7.582507021921828,1965.258064516129,0.11545348225921102,0,2017,5
2017-06-01,4.33172,25.011666666666667,28.077,22.517666666666667,9.897333333333334,15.142333333333333,24.0,7.591251751964949,1982.077,-0.041389222553461835,0,2017,6
2017-07-01,4.366603225806451,24.29516129032258,27.993870967741934,21.28548387096774,5.6087096774193546,14.62774193548387,29.0,7.58322933849856,1965.9890322580645,0.06672995818074738,0,2017,7
2017-08-01,4.3849838709677424,24.336129032258064,28.483548387096775,21.00483870967742,2.1083870967741936,13.781290322580647,29.0,7.582095530108686,1963.7416129032258,-0.050322401412762334,0,2017,8
2017-09-01,4.403373333333334,24.889,28.868,21.650666666666666,5.712000000000001,15.226333333333335,28.0,7.590693872655071,1979.889,0.03226826869117284,0,2017,9
2017-10-01,4.381341935483871,25.37,29.120322580645162,22.14290322580645,7.59,17.22935483870968,28.0,7.646441252158623,2093.375806451613,0.026493252377437035,1,2017,10
2017-11-01,4.395436666666667,25.424333333333333,29.392,21.991333333333333,2.8353333333333333,17.848333333333336,30.0,7.662461111949981,2127.594,-0.03029889696775238,1,2017,11
2017-12-01,4.412322580645162,25.56032258064516,30.805806451612902,20.924193548387095,0.7606451612903226,16.493548387096773,31.0,7.551788419791608,1904.9990322580645,-0.07557456779514445,1,2017,12
2018-01-01,4.420732258064516,26.294838709677418,33.22387096774194,20.355806451612903,0.07935483870967742,17.769354838709678,30.0,7.574016966906819,1947.311935483871,0.05629405082530401,0,2018,1
2018-02-01,4.419575,28.265714285714285,34.93571428571429,23.308214285714286,2.447857142857143,18.025357142857143,26.0,7.659973791303507,2122.9757142857143,0.09518961529435169,0,2018,2
2018-03-01,4.4135,26.711290322580645,31.72258064516129,22.96677419354839,4.1729032258064525,19.676774193548386,40.0,7.83131154742353,2520.0109677419355,0.12133578303605988,1,2018,3
2018-04-01,4.40535,26.49566666666667,31.259666666666664,23.026333333333334,3.935,18.62633333333333,35.0,7.887350677168074,2666.388,0.092490251635862,1,2018,4
2018-05-01,4.413616129032258,25.64483870967742,29.588064516129034,22.61064516129032,7.025483870967742,17.31032258064516,29.0,7.9056642037078575,2714.6338709677416,-0.14809328794275095,0,2018,5
2018-06-01,4.460446666666667,24.872333333333334,28.322999999999997,22.078,10.483666666666666,16.04,28.0,7.809390883749222,2464.5323333333336,0.010365555089044565,0,2018,6
2018-07-01,4.640148387096774,24.261290322580646,27.896129032258063,21.47225806451613,4.949999999999999,14.775483870967742,27.0,7.783060331003852,2401.7670967741933,-0.13678382850277881,0,2018,7
2018-08-01,4.708170967741936,24.06064516129032,28.163870967741936,20.780967741935484,3.3819354838709677,15.73967741935484,27.0,7.698924132993411,2208.2251612903224,0.09922864509372363,0,2018,8
2018-09-01,4.757236666666667,24.609666666666666,28.192666666666664,21.851666666666667,7.717666666666667,15.542333333333334,25.0,7.714960392976479,2242.927666666667,-0.1155464222247164,0,2018,9
2018-10-01,4.792532258064516,25.39258064516129,29.02,22.276129032258062,7.633548387096774,17.464193548387097,32.0,7.676656246070263,2158.580967741935,0.10661179244471626,1,2018,10
2018-11-01,4.79081,25.750999999999998,29.705333333333332,22.168666666666663,2.4429999999999996,18.246333333333332,31.0,7.710561404195254,2232.9453333333336,-0.03232487844563916,1,2018,11
2018-12-01,4.814448387096774,24.995806451612903,30.29774193548387,20.103548387096776,0.09451612903225808,16.669999999999998,31.0,7.729619705977662,2276.4529032258065,0.0985247055021351,1,2018,12
2019-01-01,4.8884225806451616,26.37258064516129,32.87935483870968,20.968387096774194,0.3419354838709677,18.226774193548387,28.0,7.7566379307852324,2338.064838709677,-0.10411982324972556,0,2019,1
2019-02-01,5.009946428571429,27.42535714285714,33.24178571428571,22.845,2.2967857142857144,18.271785714285716,27.0,7.7322134155982996,2281.136785714286,0.025296673041237977,0,2019,2
2019-03-01,5.175596774193548,27.799354838709675,33.689354838709676,23.49290322580645,2.888709677419355,19.184838709677418,27.0,7.703759193614944,2216.925806451613,0.016552242701008427,0,2019,3
2019-04-01,5.086613333333333,27.197666666666667,31.742666666666665,23.725666666666665,5.276333333333333,20.019333333333336,28.0,7.773762633165521,2377.800333333333,0.019221750460371688,1,2019,4
2019-05-01,5.105190322580645,26.044838709677418,29.848709677419354,23.021935483870966,6.3100000000000005,18.77032258064516,26.0,7.7732105558812785,2376.719032258064,0.03293757695014537,0,2019,5
2019-06-01,5.237723333333333,25.284666666666666,28.847666666666665,22.43,7.095666666666667,15.678666666666667,27.0,7.814458383280689,2476.633333333333,0.018658977550304566,0,2019,6
2019-07-01,5.256009677419354,24.673870967741934,28.381612903225808,21.787419354838708,4.317741935483871,14.223870967741936,28.0,7.81754408565055,2484.2154838709675,-0.05693530992154038,0,2019,7
2019-08-01,5.26948064516129,24.603548387096776,29.114516129032257,21.17064516129032,2.3561290322580644,14.967096774193548,28.0,7.718278798843068,2249.591290322581,-0.059948339557829695,0,2019,8
2019-09-01,5.307266666666666,25.031,28.644000000000002,22.19066666666667,7.762666666666666,14.514666666666667,30.0,7.770535528030068,2371.639,0.09904306129055361,0,2019,9
2019-10-01,5.323296774193548,24.865161290322582,28.18903225806452,22.220967741935485,14.32,16.698709677419355,30.0,7.818556301089872,2486.4509677419355,-0.009265740177822328,1,2019,10
2019-11-01,5.385400000000001,26.011666666666667,30.101333333333333,22.346333333333334,2.5263333333333335,19.304333333333332,29.0,7.8581041614769545,2587.8213333333333,0.03829163287585872,1,2019,11
2019-12-01,5.537551612903226,25.54,30.155483870967743,21.051290322580645,0.6919354838709677,18.06483870967742,29.0,7.834246361061467,2526.590967741936,-0.017057907943933807,1,2019,12
2020-01-01,5.529312903225807,24.877741935483872,31.398709677419355,19.226774193548387,0.06516129032258064,18.09709677419355,30.0,7.892691794144815,2680.248064516129,0.09620764717744007,0,2020,1
2020-02-01,5.327596551724138,27.394137931034482,35.18655172413793,21.192758620689656,0.13206896551724137,18.104137931034483,30.0,7.9492311518703245,2834.177586206896,-0.04252056569243679,0,2020,2
2020-03-01,5.352667741935484,27.279032258064515,32.10935483870968,23.64290322580645,6.8509677419354835,18.108064516129033,28.0,7.783386469399004,2406.086129032258,-0.1723406546756626,0,2020,3
2020-04-01,5.5118833333333335,26.752333333333333,31.14966666666667,23.366,4.512666666666666,19.403000000000002,30.0,7.74618069435812,2313.1220000000003,0.06061440602620216,1,2020,4
2020-05-01,5.610561290322581,26.24290322580645,30.11,23.138387096774192,10.180645161290323,19.465806451612906,26.0,7.769555791620672,2367.5593548387096,0.012554199541685754,0,2020,5
2020-06-01,5.644183333333333,25.097666666666665,28.640333333333334,22.290666666666667,10.049333333333333,16.147666666666666,33.0,7.743737871067675,2308.299666666667,-0.12030029818706768,0,2020,6
2020-07-01,5.6725677419354845,23.99516129032258,27.671935483870968,21.08225806451613,5.327419354838709,13.828064516129032,35.0,7.695886300049626,2200.154516129032,0.10340328264290502,0,2020,7
2020-08-01,5.681348387096774,23.664193548387097,28.35483870967742,19.788709677419355,1.313225806451613,15.950967741935484,31.0,7.803766363004382,2450.628064516129,0.09522301847812907,0,2020,8
2020-09-01,5.697503333333333,24.825333333333333,28.806,21.607333333333333,7.363666666666666,14.724333333333334,31.0,7.85636028609778,2582.45,-0.04953288801710758,0,2020,9
2020-10-01,5.705422580645161,25.26967741935484,29.13,22.03806451612903,11.352903225806452,16.885483870967743,28.0,7.7895780905184795,2415.923870967742,-0.08091398897382386,1,2020,10
2020-11-01,5.711993333333334,25.452333333333335,29.288333333333334,22.146666666666665,5.4703333333333335,17.85233333333333,31.0,7.8194010830026395,2494.506,0.15700746812761623,1,2020,11
2020-12-01,5.721190322580645,25.426451612903225,29.87290322580645,21.38032258064516,1.3612903225806452,17.33516129032258,31.0,7.840633377590303,2542.332580645161,-0.04157114492495225,1,2020,12
2021-01-01,5.7607193548387094,25.59258064516129,30.413870967741936,21.528387096774193,1.352258064516129,17.403870967741934,28.0,7.8230012942088365,2497.5538709677417,-0.020649338132513247,0,2021,1
2021-02-01,5.756535714285714,26.220357142857143,31.166785714285712,22.299285714285713,2.285357142857143,17.99142857142857,28.0,7.817252178129272,2484.066071428572,0.030964652974020603,0,2021,2
2021-03-01,5.727287096774194,25.780967741935484,29.898387096774194,22.616774193548387,7.032903225806452,17.529032258064515,26.0,7.834314927803109,2526.7209677419355,-0.10309379764913526,1,2021,3
2021-04-01,5.7306333333333335,25.969333333333335,29.744333333333334,22.882,3.614,19.396666666666665,27.0,7.79911497554619,2438.8,-0.0011046512751202147,1,2021,4
2021-05-01,5.733261290322581,25.942258064516132,29.84193548387097,22.791290322580643,3.7667741935483874,18.64709677419355,27.0,7.813850497652078,2475.118064516129,0.021644905847376297,0,2021,5
2021-06-01,5.751986666666666,25.253333333333334,29.01066666666667,22.173333333333336,4.273666666666667,16.494666666666667,27.0,7.792419170233739,2422.2763333333332,-0.01583788452714241,0,2021,6
2021-07-01,5.785835483870967,24.36225806451613,28.47258064516129,21.03548387096774,6.103870967741935,15.756451612903225,27.0,7.773685464378166,2377.623870967742,0.004721074547321993,0,2021,7
2021-08-01,5.826151612903226,24.53290322580645,28.50516129032258,21.461612903225806,5.330967741935484,14.838064516129032,25.0,7.844045407672395,2551.6451612903224,0.058872065312414595,0,2021,8
2021-09-01,5.85956,24.747333333333334,28.299666666666667,21.9,13.285,15.308333333333334,25.0,7.879470711341138,2642.767,0.04429596441443672,0,2021,9
2021-10-01,5.882003225806451,25.36032258064516,29.018387096774195,22.346774193548388,10.420645161290324,18.440322580645162,28.0,7.886973568548292,2663.3235483870967,-0.055132263625742646,1,2021,10
2021-11-01,5.90716,25.46833333333333,29.291,22.276666666666664,3.9680000000000004,19.022666666666666,32.0,7.822782753689532,2497.7326666666663,-0.08853656031692804,1,2021,11
2021-12-01,5.947509677419355,25.508064516129032,29.996451612903225,21.33967741935484,0.44451612903225807,17.294516129032257,32.0,7.821977362735508,2495.1603225806452,0.07909611572476943,1,2021,12
2022-01-01,6.0100870967741935,24.601612903225806,29.800645161290323,19.68064516129032,1.1945161290322581,18.38774193548387,30.0,7.85687745975771,2584.3496774193545,0.004817499069239378,0,2022,1
2022-02-01,6.322092857142857,26.768214285714286,32.55535714285714,21.866071428571427,1.7046428571428573,17.609642857142855,33.0,7.898580293572864,2694.2014285714286,-0.03861938455075895,0,2022,2
2022-03-01,7.049309677419355,26.65096774193548,31.403870967741934,22.975806451612904,4.161290322580645,18.52258064516129,30.0,7.866836555246595,2609.698064516129,0.05020538317869111,0,2022,3
2022-04-01,7.112276666666667,25.994333333333334,30.175666666666665,22.773,5.343666666666667,18.68933333333333,28.0,7.865694190929275,2606.6223333333332,-0.021389032481687092,1,2022,4
2022-05-01,7.124641935483871,25.609032258064516,29.174838709677417,22.62258064516129,6.353548387096774,18.559677419354838,28.0,7.824643176344398,2501.8770967741934,-0.021193885909916645,0,2022,5
2022-06-01,7.190873333333333,24.823666666666668,28.337333333333333,21.913,8.348666666666666,15.938333333333333,29.0,7.806487702133353,2456.911,-0.06862919401571099,0,2022,6
2022-07-01,7.391645161290322,24.215806451612902,28.267419354838708,20.926774193548386,3.6074193548387097,15.397096774193548,28.0,7.765748764985137,2358.5590322580647,0.009332660119895865,0,2022,7
2022-08-01,8.058225806451613,23.89258064516129,28.17290322580645,20.458387096774196,2.951935483870968,13.964516129032257,29.0,7.7733840604132425,2377.155806451613,0.00904957084595383,0,2022,8
2022-09-01,8.712430000000001,24.451666666666664,28.473333333333336,21.287,8.270999999999999,14.232,27.0,7.761298999245342,2348.273,-0.00837680274663048,0,2022,9
2022-10-01,11.145406451612905,25.355806451612903,29.178709677419352,22.093870967741935,9.69258064516129,17.593225806451613,32.0,7.756782700420825,2337.5267741935486,-0.0014251082476880229,1,2022,10
2022-11-01,13.073156666666668,25.43566666666667,29.594,21.82,3.6723333333333334,18.75133333333333,30.0,7.811519139931317,2469.3226666666665,0.06021618234589995,1,2022,11
2022-12-01,10.09282258064516,24.365161290322582,29.368709677419353,19.90806451612903,0.7241935483870967,17.759032258064515,27.0,7.8418513058077535,2545.451612903226,0.027538762883152865,1,2022,12
2023-01-01,9.849564516129032,25.113225806451613,31.179032258064513,19.967741935483872,0.46806451612903227,17.585806451612903,26.0,7.8732185589556964,2626.1509677419353,0.00562358089717502,0,2023,1
2023-02-01,10.860825,27.327499999999997,33.75,22.28,1.2128571428571429,17.57392857142857,24.0,7.894793725758736,2684.2564285714284,0.06402885119695668,0,2023,2
2023-03-01,11.013987096774194,26.811935483870965,32.17516129032258,22.833548387096776,4.646451612903226,19.26258064516129,23.0,7.927059977451741,2772.236774193548,0.020820853338465086,0,2023,3
2023-04-01,10.947943333333335,26.627333333333333,31.310666666666666,23.136666666666667,4.210666666666667,19.246333333333332,23.0,7.978116835872794,2916.6,0.014061408090331663,1,2023,4
2023-05-01,10.91921935483871,26.43516129032258,30.74225806451613,23.03483870967742,5.339354838709678,17.96709677419355,23.0,8.00189198837063,2987.0006451612903,0.02581333662216173,0,2023,5
2023-06-01,10.983506666666667,24.879,28.434666666666665,22.011333333333333,13.305666666666665,14.621,26.0,8.06411619673477,3179.551333333334,0.10273671842020132,0,2023,6
2023-07-01,11.001832258064516,24.93903225806452,28.15774193548387,22.351290322580645,11.738709677419354,14.554193548387097,28.0,8.128672542522427,3391.123870967742,0.05839879438562118,0,2023,7
2023-08-01,11.006012903225805,24.93322580645161,28.669354838709676,22.03290322580645,5.095806451612903,13.428709677419356,30.0,8.146826593026875,3453.387741935484,0.025697810365551032,0,2023,8
2023-09-01,11.063226666666667,25.389666666666667,28.941666666666666,22.470666666666666,8.898333333333333,14.907666666666668,34.0,8.189854178349352,3605.400666666667,-0.05519552460611747,0,2023,9
2023-10-01,11.334106451612904,25.54516129032258,29.18548387096774,22.580645161290324,9.966774193548387,17.83483870967742,32.0,8.191600266145699,3613.9032258064517,0.11491784827048875,1,2023,10
2023-11-01,11.547523333333334,25.834999999999997,29.649,22.689,6.598333333333333,17.775666666666666,34.0,8.2980306150458,4017.161666666667,0.10776628678453219,1,2023,11
2023-12-01,11.65978125,25.059375,30.1415625,20.0878125,0.41625,19.0584375,34.0,8.34070424740836,4191.3546875,-0.002000401707853073,1,2023,12
2024-01-01,11.929365625,25.901875,31.2984375,20.851875,1.3765625,18.2721875,33.0,8.383304895948486,4378.318125,0.13199776529600918,0,2024,1
2024-02-01,12.219396551724138,27.212413793103448,33.11689655172414,22.496206896551723,0.9420689655172414,18.46,55.0,8.608326419402413,5487.615172413793,0.16398520969355676,0,2024,2
2024-03-01,12.668451612903224,27.366774193548387,31.960967741935484,23.906129032258065,7.3829032258064515,19.41483870967742,92.0,8.88957992162766,7354.343548387096,0.4302248912166321,1,2024,3
2024-04-01,13.030833333333334,27.029,31.130666666666666,23.755333333333333,3.490333333333333,19.94633333333333,100.0,9.156829660637609,9486.411666666665,-0.12046231206462955,1,2024,4
2024-05-01,13.748116129032258,26.609032258064516,30.419354838709676,23.618709677419353,6.216451612903226,18.538709677419355,91.0,8.928314567057743,7566.397741935483,0.0891442678237389,0,2024,5
2024-06-01,14.32663,25.637666666666668,29.087333333333333,22.85,10.741999999999999,16.077333333333332,69.0,9.010531815862818,8255.367333333334,-0.2504405535936444,0,2024,6
2024-07-01,14.747403225806453,24.82032258064516,28.735806451612905,21.75032258064516,2.2145161290322584,14.418709677419356,66.0,8.862522628872009,7066.810967741936,0.1027623649708355,0,2024,7
2024-08-01,15.096345161290323,24.61709677419355,29.135806451612904,21.193225806451615,4.425483870967742,13.165806451612903,60.0,8.839243211452324,6909.763548387097,0.002481518288630769,0,2024,8
2024-09-01,15.574676666666667,25.283666666666665,29.724333333333334,21.662666666666667,3.393666666666667,15.579666666666666,70.0,8.792693170562766,6590.560333333333,-0.0025307047373268414,0,2024,9
2024-10-01,15.9808,25.575483870967744,29.292903225806448,22.4941935483871,12.941612903225806,17.5058064516129,64.0,8.80266543273701,6659.387741935484,0.10889027870807168,1,2024,10
2024-11-01,15.992410000000001,25.540000000000003,29.872,21.572,2.1333333333333333,19.913333333333334,69.0,8.964030809058643,7854.789000000001,0.25468739922822303,1,2024,11
2024-12-01,14.783548387096776,24.83225806451613,30.924516129032256,19.390645161290323,0.046129032258064515,18.388387096774192,83.0,9.15755614621577,9489.774838709678,0.043829826597015745,1,2024,12
2025-01-01,14.932616129032258,26.247096774193547,32.62193548387096,21.25774193548387,1.0761290322580646,17.78516129032258,73.0,9.190549520060639,9806.77677419355,0.05683498818080432,0,2025,1
2025-02-01,15.477500000000001,27.322499999999998,33.40571428571429,22.74607142857143,2.2485714285714287,18.040357142857143,70.0,9.164393429323072,9561.987500000001,-0.11013862696927215,0,2025,2
2025-03-01,15.531224489795918,29.06857142857143,35.97938775510204,23.92734693877551,2.8846938775510202,16.173061224489796,67.0,8.990163185907274,8026.828775510204,-0.1161827148295,0,2025,3
